island_id,council_contact_name,council_contact_number,police_station_name,police_contact_number,medical_facilities_desc,medical_contact_numbers,nearest_airport,how_to_get_there,sea_travel_info,air_travel_info,speedboat_operators,speedboat_contact,flight_operators,flight_contact,info_link
1,Island Focal Point,9607656785,Police Station,9609800109,Health Center,9606660809,Velana International Airport,Origin: Male'; Speed Boat Charter 1 hour 40 minutes from Male' to Feridhoo,Speed Boat Charter 1 hour 40 minutes from Male' to Feridhoo,,Ahmed Siraj; Abdulla Nilam,+9607768135; +9609970590,,,https://islands.mv/islands/alifu-alifu-feridhoo
2,Island Focal Point,9606660061,Police Station,9609946441,Health Center,9606660857,Velana International Airport,Origin: Male'; Speed Boat Charter 1 hour 40 minutes from Male' to Himendhoo,Speed Boat Charter 1 hour 40 minutes from Male' to Himendhoo,,Zuhudha Ahmed,9609154532,,,https://islands.mv/islands/alifu-alifu-himendhoo
3,Island Focal Point,9606660059,Police Station,9609946441,Health Center,9606660809,Velana International Airport,Origin: Male'; Speed Boat Charter 5 hours 5 minutes from Male' to Maalhos,Speed Boat Charter 5 hours 5 minutes from Male' to Maalhos,,Agent; Halyard,+9607988823; +9609827238,,,https://islands.mv/islands/alifu-alifu-maalhos
4,Island Focal Point,9606660058,Police Station,9609994875,Health Center,9606660858,Velana International Airport,Origin: Male'; Speed Boat Charter 1 hour 35 minutes from Male' to Mathiveri,Speed Boat Charter 1 hour 35 minutes from Male' to Mathiveri,,Nevi,9607958272,,,https://islands.mv/islands/alifu-alifu-mathiveri
5,,,,,,,Velana International Airport,,,,,,,,
6,Island Focal Point,9606660537,Thoddoo Police Station,9609643434,Health center,9606660860,Velana International Airport,Origin: Male'; Speed Boat Ferry 2 hours 30 minutes from Male' to Thoddoo,Speed Boat Ferry 2 hours 30 minutes from Male' to Thoddoo,,,,,,https://islands.mv/islands/alifu-alifu-thodhoo
7,Island Focal Point,9606660536,Police Station,9609921268,Health Center,9606660859,Velana International Airport,Origin: Male'; Speed Boat Charter 1 hour 20 minutes from Male' to Ukulhas,Speed Boat Charter 1 hour 20 minutes from Male' to Ukulhas,,Nevi; Coral Speed,+9607958272; +9607783518,,,https://islands.mv/islands/alifu-alifu-ukulhas
8,Island Focal Point,+9606680888,Police Station,+9609996459,Health Center,+9606680875,Villa International Airport Maamigili,Origin: Male'; Speed Boat Charter 1 hour 30 minutes from Male' to Dhan'gethi,Speed Boat Charter 1 hour 30 minutes from Male' to Dhan'gethi,,Erwina Transfer; Faza's Speed; Endheri Express,+9607602050; +9607494444; +9607799222,,,https://islands.mv/islands/alifu-dhaalu-dhan-gethi
9,Island Focal Point,+9606680631,Police Station,9609790190,Health Center,+9606680876,Villa International Airport Maamigili,Origin: Male'; Speed Boat Charter 1 hour 30 minutes from Male' to Dhigurah,Speed Boat Charter 1 hour 30 minutes from Male' to Dhigurah,,,,,,https://islands.mv/islands/alifu-dhaalu-dhigurah
10,Island Focal Point,9606680057,Police Station,00,Health Center,9606680855,Villa International Airport Maamigili,Origin: Maamigili; Speed Boat Charter 5 minutes from Maamigili to Dhihdhoo,Speed Boat Charter 5 minutes from Maamigili to Dhihdhoo,,Heena Express,9607941577,,,https://islands.mv/islands/alifu-dhaalu-dhihdhoo
11,Island Focal Point,+9606680539,Police Station,+9609790193,Health Center,+9606680874,Villa International Airport Maamigili,Origin: Male'; Speed Boat Charter 2 hours from Male' to Fenfushi,Speed Boat Charter 2 hours from Male' to Fenfushi,,Neesha Express,9609691111,,,https://islands.mv/islands/alifu-dhaalu-fenfushi
12,Island Focal Point,+9606680056,Police Station,00,Health Center,+9606680870,Villa International Airport Maamigili,Origin: Male'; Speed Boat Ferry 1 hour from Male' to Hangnaameedhoo,Speed Boat Ferry 1 hour from Male' to Hangnaameedhoo,,Myna; HMHI Travels,+9607797904; +9609980462,,,https://islands.mv/islands/alifu-dhaalu-hangnaameedhoo
13,Island Focal Point,+9606680053,,,Health Center,00,Villa International Airport Maamigili,Origin: Male'; Speed Boat Charter 1 hour 25 minutes from Male' to Kun'burudhoo,Speed Boat Charter 1 hour 25 minutes from Male' to Kun'burudhoo,,Hussain Areef; Mohamed Shafeeq; Ahmed Shiyam,+9607912640; +9607944985; +9607770170,,,https://islands.mv/islands/alifu-dhaalu-kun-burudhoo
14,Island Focal Point,+9606680538,Police Station,+9609792499,Health Center,+9606680872,Villa International Airport Maamigili,Origin: Male'; Speed Boat Charter 1 hour 45 minutes from Male' to Maamigili,Speed Boat Charter 1 hour 45 minutes from Male' to Maamigili,,Naafitte Launch; Swift,+9607971709; +9607901149,,,https://islands.mv/islands/alifu-dhaalu-maamigili
15,Island Focal Point,+9606680773,Police Station,+9609791822,ADH.Hospital,+9606680529,Villa International Airport Maamigili,"Origin: Velana International Airport; Flight 20 minutes flight from Velana International Airport to Maamigili Airport, and 40 minutes transfer to Mahibadhoo by speedboat.",,"Flight 20 minutes flight from Velana International Airport to Maamigili Airport, and 40 minutes transfer to Mahibadhoo by speedboat.",,,Flyme,+960301 3000,
16,Island Focal Point,+9606680052,Police Station,00,Health Center,+9606680856,Villa International Airport Maamigili,"Origin: Velana International Airport; Flight 20 minutes flight from Velana International Airport to Maamigili Airport, and 40 minutes transfer by speedboat",,"Flight 20 minutes flight from Velana International Airport to Maamigili Airport, and 40 minutes transfer by speedboat",,,Flyme,+960301 3000,
17,Island Focal Point,+9606680542,Police Station,+9609791822,Health Center,+9606680873,Villa International Airport Maamigili,Origin: Male'; Speed Boat Charter 1 hour 15 minutes from Male' to Omadhoo,Speed Boat Charter 1 hour 15 minutes from Male' to Omadhoo,,Maina; Dheena Express,+9607797904; +9607817007,,,https://islands.mv/islands/alifu-dhaalu-omadhoo
18,Island Focal Point,+960660 2513,Police Station,+9609166997,Health Center,+960660 0200,Dharavandhoo Airport,Origin: Velana International Airport; Speed Boat Charter 2 hours 5 minutes from Male' to Dharavandhoo; Flight 20 minutes from Velana International Airport to Dharavandhoo Airport,Speed Boat Charter 2 hours 5 minutes from Male' to Dharavandhoo,Flight 20 minutes from Velana International Airport to Dharavandhoo Airport,,,,,https://islands.mv/islands/baa-dharavandhoo-2
19,Ahmed Irushad,9607893002,Dhonfanu Police Station,+960333 3835,Health Post,+960660 0021,Dharavandhoo Airport,Origin: Dharavandhoo; Speed Boat Ferry 5 Minutes to Dhonfanu by speed boat,Speed Boat Ferry 5 Minutes to Dhonfanu by speed boat,,Alibe Express,9607924251,,,https://islands.mv/islands/baa-dharavandhoo
20,Island Focal Point,+9606608300,Police Station,+9603034454,Baa Atoll Hospital,+9606608309,Dharavandhoo Airport,Origin: Male'; Flight 30 minutes from Velana International Airport to Dharavandhoo Airport and 10 minutes transfer to Eydhafushi,,Flight 30 minutes from Velana International Airport to Dharavandhoo Airport and 10 minutes transfer to Eydhafushi,,,Maldivian; Flyme,+9603335544; +960301 3000,https://islands.mv/islands/baa-eydhafushi
21,Island Focal Point,+9606600058,,,Health Center,+9607900812,Dhonfanu Police Station,Origin: Velana International Airport; Flight 35 minutes from Velana International Airport to Dharavandhoo Airport and 45 minutes transfer to Fehendhoo by Speed boat; Speed Boat Ferry 2 hours from Male' to Fehendhoo,Speed Boat Ferry 2 hours from Male' to Fehendhoo,Flight 35 minutes from Velana International Airport to Dharavandhoo Airport and 45 minutes transfer to Fehendhoo by Speed boat,,,Manta Air,+960799 4405 / +960331 4477,Fehendhoo Dive and Water Sports
22,Island Focal Point,9607775808,Goidhoo Police Station,+9606608311,Health Center,9607448150,Dharavandhoo Airport,Origin: Velana International Airport; Speed Boat Charter 1 hour 50 minutes from Velana International Airport to Fulhadhoo; Flight 20 minutes from Velana International Airport to Dharavandhoo Airport and 45 minutes transfer to Fulhaadhoo,Speed Boat Charter 1 hour 50 minutes from Velana International Airport to Fulhadhoo,Flight 20 minutes from Velana International Airport to Dharavandhoo Airport and 45 minutes transfer to Fulhaadhoo,Atoll Cute,7908088,,,https://islands.mv/islands/baa-fulhadhoo
23,Island Focal Point,+9606600005,Goidhoo Police Station,+9606608311,Health Center,+9606600329,Dharavandhoo Airport,Origin: Velana International Airport; Speed Boat Ferry 1 hour 45 minutes from Male' to Goidhoo; Flight 20 minutes from Velana International Airport to Dharavandhoo Airport and 35 minutes transfer to Fulhaadhoo.,Speed Boat Ferry 1 hour 45 minutes from Male' to Goidhoo,Flight 20 minutes from Velana International Airport to Dharavandhoo Airport and 35 minutes transfer to Fulhaadhoo.,,,,,https://islands.mv/islands/baa-goidhoo-2
24,Island Focal Point,+9606600007,,,Health Center,+9606600037,Dharavandhoo Airport,Origin: Velana International Airport; Flight 20 minutes from Velana International Airport to Dharavandhoo Airport and 45 minutes transfer to Hithaadhoo,,Flight 20 minutes from Velana International Airport to Dharavandhoo Airport and 45 minutes transfer to Hithaadhoo,,,Maldivian; Manta Air; Flyme,+9603335544; +960799 4405 / +960331 4477; +960301 3000,
25,Mohamed Shareef,9607525694,Eydhafushi Police Station,+9603034454,Health Center,+960991 1918,Dharavandhoo Airport,Origin: Velana International Airport; Speed Boat Charter 2 hours and 20 minutes from Male' to Kamadhoo; Flight 20 minutes from Velana International Airport to Dharavandhoo Airport and 20 minutes transfer to Kamadhoo,Speed Boat Charter 2 hours and 20 minutes from Male' to Kamadhoo,Flight 20 minutes from Velana International Airport to Dharavandhoo Airport and 20 minutes transfer to Kamadhoo,Zahir,9607677964,,,https://islands.mv/islands/baa-kamadhoo
26,Island Focal Point,9609553531,,,Health Center,+9606600029,Dharavandhoo Airport,Origin: Velana International Airport; Speed Boat Ferry 3 hours and 30 minutes from Male' to Kendhoo; Flight 30 minutes from Velana International Airport to Dharavandhoo Airport and 25 minutes transfer to Kendhoo,Speed Boat Ferry 3 hours and 30 minutes from Male' to Kendhoo,Flight 30 minutes from Velana International Airport to Dharavandhoo Airport and 25 minutes transfer to Kendhoo,Azuro,9677462,,,https://islands.mv/islands/baa-kendhoo
27,Island Focal Point,+960795 8688,Eydhafushi Police Station,9603034454,Health Center,9606600050,Dharavandhoo Airport,"Origin: Velana International Airport; Speed Boat Charter 2 hours 10 minutes form Velana International Airport/ Male' to Kihaadhoo; Flight 20 minutes from Velana International Airport to Dharavandhoo Airport, and 10 minutes transfer to Kihaadhoo",Speed Boat Charter 2 hours 10 minutes form Velana International Airport/ Male' to Kihaadhoo,"Flight 20 minutes from Velana International Airport to Dharavandhoo Airport, and 10 minutes transfer to Kihaadhoo",,,,,https://islands.mv/islands/baa-kihaadhoo
28,Island Focal Point,+9606600039,,,Health Center,+9606600052,Dharavandhoo Airport,Origin: Velana International Airport; Dhoani Ferry 8 hours from Male' to Kudarikilu; Speed Boat Ferry 2 hours from Male' to Kudarikilu; Flight 30 minutes from Male' to Dharavandhoo Airport and 20 minutes transfer to Kudarikilu,Dhoani Ferry 8 hours from Male' to Kudarikilu; Speed Boat Ferry 2 hours from Male' to Kudarikilu,Flight 30 minutes from Male' to Dharavandhoo Airport and 20 minutes transfer to Kudarikilu,MTCC,9607998821,,,https://islands.mv/islands/baa-kudarikilu
29,Island Focal Point,+9606600056,Eydhafushi Police Station,+9609791764,Health Center,+9606601014,Dharavandhoo Airport,"Origin: Velana International Airport; Flight 20 minutes from Velana International Airport to Dharavandhoo Airport, and 10 minutes transfer to Maalhos",,"Flight 20 minutes from Velana International Airport to Dharavandhoo Airport, and 10 minutes transfer to Maalhos",,,Maldivian; Manta Air; Flyme,+9603335544; +960799 4405 / +960331 4477; +960301 3000,
30,Mohamed Ali Manik,9609951536,Thulhaadhoo Police Station,9609901454,Health Center,+9606609115,Dharavandhoo Airport,Origin: Male'; Speed Boat Ferry 2 hours and 30 minutes from Male' to Thulhaadhoo,Speed Boat Ferry 2 hours and 30 minutes from Male' to Thulhaadhoo,,Atoll Cute Ferry,7795652,,,https://islands.mv/islands/baa-thulhaadhoo
31,Island Focal Point,+9606760045,Police Station,+9603322112,Health Center,+9606760535,Dhaalu Airport,"Origin: Velana International Airport; Speed Boat Ferry 3 hour 30 minutes from Kudahuvadhoo Airport; Flight 45 minutes from Velana International airport to Kudahuvadhoo Aiport, 30 minutes transfer to Bandidhoo by speed boat",Speed Boat Ferry 3 hour 30 minutes from Kudahuvadhoo Airport,"Flight 45 minutes from Velana International airport to Kudahuvadhoo Aiport, 30 minutes transfer to Bandidhoo by speed boat",DMMA Express,9607918750,,,https://islands.mv/islands/dhaalu-bandidhoo
32,Island Focal Point,+9606760049,Police Station,+9603322112,Health Center,+9606760647,Dhaalu Airport,"Origin: Velana International Airport; Speed Boat Ferry 1 hour 45 minutes from Velana International Airport; Flight 45 minutes from Velana International Airport to Kudahuvadhoo Airport, 15 minutes transfer to Hulhudheli by speed boat",Speed Boat Ferry 1 hour 45 minutes from Velana International Airport,"Flight 45 minutes from Velana International Airport to Kudahuvadhoo Airport, 15 minutes transfer to Hulhudheli by speed boat",SIX N Express; DMMA Express,+9609787898; +9607918750,,,https://islands.mv/islands/dhaalu-hulhudheli
33,Island Focal Point,9606760522,Police Station,9609792052,Health Center,9607887787,Dhaalu Airport,Origin: Velana International Airport; Flight 45 minutes from Velana International airport to Kudahuvadhoo Aiport,,Flight 45 minutes from Velana International airport to Kudahuvadhoo Aiport,,,Manta Air,+960799 4405 / +960331 4477,
34,Island Focal Point,9607566737,Police Station,9603322111,Health Center,9606760645,Dhaalu Airport,"Origin: Velana International Airport; Flight 45 minutes from Velana International airport to Kudahuvadhoo Aiport, 07 minutes transfer to Maaenboodhoo by speed boat",,"Flight 45 minutes from Velana International airport to Kudahuvadhoo Aiport, 07 minutes transfer to Maaenboodhoo by speed boat",,,,,https://islands.mv/islands/dhaalu-maaenboodhoo
35,Island Focal Point,+9607937502,Police Station,+9603322112,Health Center,+9606760644,Dhaalu Airport,Origin: Kudahuvadhoo; Speed Boat Ferry 45 minutes from Kudahuvadhoo to Meedhoo,Speed Boat Ferry 45 minutes from Kudahuvadhoo to Meedhoo,,DMMA Express,9607918750,,,https://islands.mv/islands/dhaalu-meedhoo
36,Island Focal Point,9609191153,Police Station,9603322112,Health Center,9606760004,Dhaalu Airport,Origin: Kudahuvadhoo; Speed Boat Charter 30 minutes from Kudahuvadhoo to Rinbidhoo,Speed Boat Charter 30 minutes from Kudahuvadhoo to Rinbidhoo,,Sea View Speed,9607775547,,,https://islands.mv/islands/dhaalu-rinbidhoo
37,Ihufal Hameedh,+960796 0599,Police Station,+960946 5618,Health Center,+960790 2156,,Origin: Maamigili; Speed Boat Charter 45 Minutes from Maamigili to Bilehdhoo,Speed Boat Charter 45 Minutes from Maamigili to Bilehdhoo,,Umar,+960964-3301,,,https://islands.mv/islands/faafu-bilehdhoo
38,Abdul Hameed Adam,+960783 9997,,,Health Center,+960674 0688,,Origin: Male'; Speed Boat Charter 2 hour 30 minutes from Male' to Dharanboodhoo,Speed Boat Charter 2 hour 30 minutes from Male' to Dharanboodhoo,,Six N Express Lanch; DMMA Express Lanch; MTCC Faafu Atoll Ferry,+9609997738; +9607918690; +9607572704,,,https://islands.mv/islands/faafu-dharanboodhoo
39,Mohamed Jaleel,+960999 2798,Feeali Police Desk,9609553515,Health Center,9606740630,Villa International Airport Maamigili,Origin: Maamigili; Dhoani Ferry 01 hour 30 minutes from Maamigili to Feeali; Speed Boat Charter 30 minutes from Maamigili to Feeali/ IBrahim Naeem 7933817,Dhoani Ferry 01 hour 30 minutes from Maamigili to Feeali; Speed Boat Charter 30 minutes from Maamigili to Feeali/ IBrahim Naeem 7933817,,Abdhulla Jaleel,+960996-4312,,,https://islands.mv/islands/faafu-feeali
40,Island council,+960991 6237,Police station,+960998 0063,Health Post,+960674 0506,,"Origin: Velana International Airport; Flight 55 minutes from Velaana International Airport to Kudahuvadhoo Airport, 50 minutes transfer to Magoodhoo by Speedboat; Speed Boat Ferry 2 hour 15 minutes from Velana International Airport/Male' to Magoodhoo",Speed Boat Ferry 2 hour 15 minutes from Velana International Airport/Male' to Magoodhoo,"Flight 55 minutes from Velaana International Airport to Kudahuvadhoo Airport, 50 minutes transfer to Magoodhoo by Speedboat",,,Maldivian; Manta Aviation Private Limited,"+9603335544; +960799 4405, +960331 4477",
41,Island Focal Point,+9606740506,Police station,+960674-6060,Hospital,+960674-0086,Dhaalu Airport,Origin: Velana International Airport; Speed Boat Ferry,Speed Boat Ferry,,,,,,https://islands.mv/islands/faafu-nilandhoo
42,Mariyam Naeem,9607330026,Police Station,9607791885,Health Center,9606820109,Kooddoo Airport,Origin: Velana International Airport; Flight 1 hour 10 minutes from Velana International Airport to Koodoo Airport and 20 minutes transfer to Dhaandhoo by Speedboat,,Flight 1 hour 10 minutes from Velana International Airport to Koodoo Airport and 20 minutes transfer to Dhaandhoo by Speedboat,,,Maldivian; Flyme,+9603335544; +960301 3000,
43,Mariyam Naeem,+960767 4853,Police Station,+96093 1188,Health Center,+960682 4754,Kooddoo Airport,Origin: Kooddoo Airport; Dhoani Ferry 1 Hour from Koodoo to Dhevvadhoo; Speed Boat Charter 35 minutes from Koodoo to Dhevvadhoo,Dhoani Ferry 1 Hour from Koodoo to Dhevvadhoo; Speed Boat Charter 35 minutes from Koodoo to Dhevvadhoo,,Rifath Ibrahim,9607726817,,,https://islands.mv/islands/gaafu-alifu-dhevvadhoo
44,Island Focal Point,9607907106,Police Station,9607930299,Health Center,9606824755,Kooddoo Airport,Origin: Male'; Speed Boat Charter 10 minutes from Maavarulu to Gemanafushi,Speed Boat Charter 10 minutes from Maavarulu to Gemanafushi,,Sealine; Ocean; Niru; New Speed; Velaa 1643; Finiroalhi 03,+9607914151; +9607735304; +9607361688; +9609911480; +9607781055; +9609679944,,,https://islands.mv/islands/gaafu-alifu-gemanafushee
45,Island Focal Point,+960682-0020,Police Station,+9609186997,Health center,+9606820115,,Origin: Velana International Airport; Flight 50 minutes from Velana International Airport to Maavaaralu airport.,,Flight 50 minutes from Velana International Airport to Maavaaralu airport.,,,Maldivian,9603335544,https://islands.mv/islands/gaafu-alifu-kan-duhulhudhoo
46,Island Focal Point,+9607770979,Police Station,+9609790018,Health Center,+9606820048,Kooddoo Airport,Origin: Velana International Airport; Flight 50 minutes from Velana International Airport to Koodhoo airport,,Flight 50 minutes from Velana International Airport to Koodhoo airport,,,Maldivian; Flyme,+9603335544; +960301 3000,
47,Island Focal Point,+9606820019,Police Station,00,Health center,+9606824658,Kooddoo Airport,Origin: Velana International Airport; Flight 50 minutes from Velana International Airport to Koodhoo airport,,Flight 50 minutes from Velana International Airport to Koodhoo airport,,,Maldivian,9603335544,
48,Island Focal Point,9607934353,Police Station,9609960846,Health Center,9606824752,Kooddoo Airport,Origin: Velana International Airport; Flight 1 hour 10 minutes from Velana International Airport to Koodoo Airport and 4 Minutes transfer to Maamendhoo by Speedboat,,Flight 1 hour 10 minutes from Velana International Airport to Koodoo Airport and 4 Minutes transfer to Maamendhoo by Speedboat,,,Maldivian; Manta Air; Flyme,+9603335544; +960799 4405 / +960331 4477; +960301 3000,
49,Island Focal Point,9607781412,Police Station,9609551342,Health Center,9606824753,Kooddoo Airport,Origin: Velana International Airport; Flight 1 hour 10 minutes from Velana International Airport to Koodoo Airport and 15 Minutes transfer to Nilandhoo by Speedboat,,Flight 1 hour 10 minutes from Velana International Airport to Koodoo Airport and 15 Minutes transfer to Nilandhoo by Speedboat,,,Maldivian; Manta Air; Flyme,+9603335544; +960799 4405 / +960331 4477; +960301 3000,
50,Ms. Aishath Nazdha,9607505742,Police Station,+960979 2109,Gaaf Alif Atoll Hospital,+9607505742/ +9607636609,Kooddoo Airport,Origin: Kooddoo Airport; Dhoani Ferry 30 minutes from Koodoo to Vilingili; Speed Boat Charter 15 Minutes from Koodoo to Vilingili,Dhoani Ferry 30 minutes from Koodoo to Vilingili; Speed Boat Charter 15 Minutes from Koodoo to Vilingili,,,,,,https://islands.mv/islands/gaafu-alifu-vilingili
51,Island Focal Point,+9606840004,Police Station,+9609790111,Health center,+9606840097,Maavarulu Airport,Origin: Velana International Airport; Flight 50 minutes from Velana International Airport to Maavarulu airport.,,Flight 50 minutes from Velana International Airport to Maavarulu airport.,,,Maldivian,9603335544,A night on a virgin island; Reef survey
52,Island Focal Point,+9607793931,Police Station,+9609980061,Health center,+9606840056,Kaadedhdhoo Airport,Origin: Velana International Airport; Flight 50 minutes from Velana International Airport to Kaadehdhoo. Speed boat transfer to Fiyoaree within 45 minutes,,Flight 50 minutes from Velana International Airport to Kaadehdhoo. Speed boat transfer to Fiyoaree within 45 minutes,,,Maldivian,9603335544,
53,Island Focal Point,+9606840003,Police Station,+9607791755,Health center,+9606840043,Maavarulu Airport,Origin: Velana International Airport; Flight 50 minutes from Velana International Airport. It takes less than 10 minutes to reach Gadhoo by speed boat,,Flight 50 minutes from Velana International Airport. It takes less than 10 minutes to reach Gadhoo by speed boat,,,Maldivian,9603335544,
54,Island Focal Point,+9606840015,Police Station,+9609311599,Health Post,+9606842613,Kaadedhdhoo Airport,Origin: Velana International Airport; Flight 50 Minutes from Velaana International Airport to Kaadehdhoo Airport. It takes 15 minutes speedboat ride to the destination t,,Flight 50 Minutes from Velaana International Airport to Kaadehdhoo Airport. It takes 15 minutes speedboat ride to the destination t,,,Maldivian,9603335544,https://islands.mv/islands/gaafu-dhaalu-hoan-dehdhoo
55,Island Focal Point,+9606840006,Police Station,+9609311599,Health Center,+9606842614,Kaadedhdhoo Airport,Origin: Velana International Airport; Flight 50 Minutes from Velaana International Airport to Kaadehdhoo Airport. It takes less than 10 minutes to reach Madevelli from Kaadehdhoo,,Flight 50 Minutes from Velaana International Airport to Kaadehdhoo Airport. It takes less than 10 minutes to reach Madevelli from Kaadehdhoo,,,,,https://islands.mv/islands/gaafu-dhaalu-madaveli
56,Island Focal Point,+9606840007,,,Health Center,+9606842612,Kaadedhdhoo Airport,Origin: Velana International Airport; Flight 50 Minutes from Velaana International Airport to Kaadehdhoo Airport. It takes 30 minutes speedboat ride to the destination t,,Flight 50 Minutes from Velaana International Airport to Kaadehdhoo Airport. It takes 30 minutes speedboat ride to the destination t,,,Maldivian,9603335544,
57,Nizam Ibrahim,+9609984888,Rathafandhoo Police Station,+9607909311,Health Center,+9606840095,Kaadedhdhoo Airport,Origin: Thinadhoo; Speed Boat Ferry 45 minutes,Speed Boat Ferry 45 minutes,,,,,,https://islands.mv/islands/gaafu-dhaalu-kaadedhdhoo
58,Island Focal Point,+9606841019,Police Station,+9606842557,DR .Abdul Samad Memorial Hospital,+9606841977,Kaadedhdhoo Airport,Origin: Velana International Airport; Flight 50 minutes from Velana International Airport to Kaadehdhoo. Speed boat transfer to Thinadhoo within 5 minutes,,Flight 50 minutes from Velana International Airport to Kaadehdhoo. Speed boat transfer to Thinadhoo within 5 minutes,,,Maldivian,9603335544,https://islands.mv/islands/gaafu-dhaalu-thinadhoo
59,Island Focal Point,+9606580074,Police Station,+9603322111,Health center,+9606840094,Maavarulu Airport,Origin: Velana International Airport; Flight 50 minutes from Velana International Airport to Maavarulu airport. It takes 25 minutes ride to reach Vadhoo by speed boat,,Flight 50 minutes from Velana International Airport to Maavarulu airport. It takes 25 minutes ride to reach Vadhoo by speed boat,,,Maldivian,9603335544,https://islands.mv/islands/gaafu-dhaalu-vadhoo
60,City council,+960686-5001,Fuvahmulah Police Station,+9609792803,Fuvahmulah Hospital,+960686-0658,Fuvahmulah Airport,Origin: Addu City; Speed Boat Ferry 45 minutes from Gan International Airport (Addu City).,Speed Boat Ferry 45 minutes from Gan International Airport (Addu City).,,Southern Ferry Link,+960332 6822,,,https://islands.mv/islands/gnaviyani-fuvahmulah
61,Sameeha Moosa,7445538,Baarah Police Station,9980075,Health Center,6500570,Hanimaadhoo International Airport,"Origin: Velana International Airport; Speed Boat Ferry 7 hours from Velana International Airport to Baarah; Flight 45 minutes from Male' to Hanimaadhoo Airport, and a 20 minute transfer to Baarah",Speed Boat Ferry 7 hours from Velana International Airport to Baarah,"Flight 45 minutes from Male' to Hanimaadhoo Airport, and a 20 minute transfer to Baarah",Zee Speed,7854092,,,https://islands.mv/islands/haa-alifu-baarah
62,Abdulla Matheen,+960976 1636,Police Station,+9609791462,Haa Alif Atoll Hospital,+9606500053,Hanimadhoo International Airport,Origin: Hanimaadhoo; Speed Boat Charter 20 minutes to Dhidhoo,Speed Boat Charter 20 minutes to Dhidhoo,,,,,,https://islands.mv/islands/haa-alifu-dhidhoo
63,Island Focal Point,+9606500023,Dhidhoo police station,+9609791462,Health center,+9606500549,Hanimadhoo International Airport,Origin: Hanimaadhoo; Speed Boat Charter 15 minutes from Hanimadhoo Airport to Filladhoo,Speed Boat Charter 15 minutes from Hanimadhoo Airport to Filladhoo,,,,,,https://islands.mv/islands/haa-alifu-filladhoo
64,Island Focal Point,+9606520046,Hoarafushi Police Station,+9603034464,Health center,+9606500064,Hoarafushi Airport,Origin: Male'; Speed Boat Charter 5 hours 43 minutes from Male' to Hoarafushi,Speed Boat Charter 5 hours 43 minutes from Male' to Hoarafushi,,,,,,https://islands.mv/islands/haa-alifu-hoarafushi
65,Ali Arushad,+9609850584,Ihavandhoo Police Station,+9609792265,Health center,+9606500501,Hoarafushi Airport,Origin: Hoarafushi; Speed Boat Charter Less than 10 minutes to Ihavandhoo,Speed Boat Charter Less than 10 minutes to Ihavandhoo,,,,,,https://islands.mv/islands/haa-alifu-ihavandhoo
66,Island Focal Point,+9609695617,Kelaa Police Station,+9609980074,Health Center,+9606500047,Hanimadhoo International Airport,Origin: Velana International Airport; Speed Boat Ferry 5 hours 35 minutes to Kelaa; Flight 45 Minutes from Velaana International Airport to Hanimadhoo International Airport.,Speed Boat Ferry 5 hours 35 minutes to Kelaa,Flight 45 Minutes from Velaana International Airport to Hanimadhoo International Airport.,,,Maldivian,9603335544,https://islands.mv/islands/haa-alifu-kelaa
67,Island Focal Point,+9606500029,,,Health center,+9606500566,Hanimadhoo International Airport,Origin: Velana International Airport; Flight 45 minutes from Velana International Airport to Hanimaadhoo International Airport.,,Flight 45 minutes from Velana International Airport to Hanimaadhoo International Airport.,,,Maldivian,9603335544,
68,Island Focal Point,+9606500031,Police Station (Ihavandhoo Police station),9609792265,Health center,+9606500579,Hoarafushi Airport,Origin: Hoarafushi; Speed Boat Charter Less than 10 minutes by speed boat,Speed Boat Charter Less than 10 minutes by speed boat,,,,,,https://islands.mv/islands/haa-alifu-molhadhoo
69,Island Focal Point,+9606500032,,,Health center,+9606500569,Hanimadhoo International Airport,Origin: Velana International Airport; Flight 45 minutes from Velana International Airport to Hanimaadhoo International Airport.,,Flight 45 minutes from Velana International Airport to Hanimaadhoo International Airport.,,,Maldivian,9603335544,
70,Island Focal Point,+9606500034,Ihavandhoo Police Station,+9609792265,Health center,+9606500567,Hanimadhoo International Airport,Origin: Velana International Airport; Speed Boat Ferry 45 minutes from Velana International Airport to Hanimaadhoo International Airport.,Speed Boat Ferry 45 minutes from Velana International Airport to Hanimaadhoo International Airport.,,,,,,https://islands.mv/islands/haa-alifu-thakandhoo
71,,+9606500035,Thuraakunu Police Desk,+96099119933,Health Center,+9606500563,Hoarafushi Airport,,,,,,,,
72,Island Focal Point,+960650-0036,Police Station,+9609550286,Health center,+9606500564,Hoarafushi Airport,Origin: Hoarafushi; Speed Boat Ferry 15 minutes from Hoarafushi Airport to Uligan,Speed Boat Ferry 15 minutes from Hoarafushi Airport to Uligan,,,,,,https://islands.mv/islands/haa-alifu-uligamu
73,,,,,,,,,,,,,,,
74,Island Focal Point,+9606900059,,,Health center,+960000,Hanimadhoo International Airport,Origin: Velana International Airport; Flight 45 minutes from Velana International Airport to Hanimaadhoo International Airport.,,Flight 45 minutes from Velana International Airport to Hanimaadhoo International Airport.,,,Maldivian,9603335544,https://islands.mv/islands/haa-alifu-vashafaru
75,Island Focal Point,+960652 0027,Police Station,+960979 1382,Health Center,+960652 0575,Kulhudhuffushi Airport,Origin: Velana International Airport; Flight 55 minutes from Velaana International Airport to Kulhudhuffushi Airport and 15 minutes transfer to Finey by speedboat,,Flight 55 minutes from Velaana International Airport to Kulhudhuffushi Airport and 15 minutes transfer to Finey by speedboat,,,Maldivian,9603335544,
76,Island Focal Point,9606520028,Police Station,9609790077,Health Center,+9606520083,Hanimadhoo International Airport,Origin: Velana International Airport; Flight 45 minutes from Velana International Airport to Hanimaadhoo Airport,,Flight 45 minutes from Velana International Airport to Hanimaadhoo Airport,,,Maldivian,9603335544,
77,Island Focal Point,9609639895,Police Station,+960979 1382,Health Center,+960652 0550,Kulhudhuffushi Airport,Origin: Velana International Airport; Flight 55 minutes from Velana International Airport to Kulhudhuffushi Airport and 10 minutes transfer to Hirimaradhoo by speedboat,,Flight 55 minutes from Velana International Airport to Kulhudhuffushi Airport and 10 minutes transfer to Hirimaradhoo by speedboat,,,Maldivian,9603335544,
78,Island Focal Point,9606527134,Police Station,+960979 1382,Kulhudhuffushi Regional Hospital,+960652 8864,Kulhudhuffushi Airport,Origin: Velana International Airport; Flight 55 minutes from Velana International Airport to Kulhudhuffushi Airport,,Flight 55 minutes from Velana International Airport to Kulhudhuffushi Airport,,,Maldivian,+960333 5544,
79,Island Focal Point,+9606520034,Police Station,+960979 1382,Health center,+9606520542,Kulhudhuffushi Airport,Origin: Male'; Speed Boat Ferry 4 hours 50 minutes from Male' to Kumundhoo,Speed Boat Ferry 4 hours 50 minutes from Male' to Kumundhoo,,MTCC,9607998821,,,https://islands.mv/islands/haa-dhaalu-kumundhoo
80,Island Focal Point,9606520036,Police Station,9609791382,Health Center,+960652 0549,Kulhudhuffushi Airport,Origin: Velana International Airport; Flight 55 minutes from Velaana International Airport to Kulhudhuffushi Airport and 10 minutes transfer to Kurinbi by speedboat,,Flight 55 minutes from Velaana International Airport to Kulhudhuffushi Airport and 10 minutes transfer to Kurinbi by speedboat,,,Maldivian,9603335544,
81,Island Focal Point,+9606520038,Police Station,+960966 0184,Health Center,+960652 0094,Kulhudhuffushi Airport,Origin: Velana International Airport; Flight 55 minutes from Velana International Airport to Kulhudhuffushi Airport and 50 minutes transfer to Makunudhoo by speedboat,,Flight 55 minutes from Velana International Airport to Kulhudhuffushi Airport and 50 minutes transfer to Makunudhoo by speedboat,,,,,
82,Island Focal Point,9606520039,Police Station,9609791382,Health Center,9606520548,Kulhudhuffushi Airport,Origin: Velana International Airport; Flight 55 minutes from Velaana International Airport to Kulhudhuffushi Airport and 20 minutes transfer to Naivadhoo by speedboat,,Flight 55 minutes from Velaana International Airport to Kulhudhuffushi Airport and 20 minutes transfer to Naivadhoo by speedboat,,,Maldivian,9603335544,
83,Island Focal Point,9606520041,Police Station,9609791382,Health Center,+960652 0547,Kulhudhuffushi Airport,Origin: Male'; Flight 55 minutes from Velaana International Airport to Kulhudhuffushi Airport and 20 minutes transfer to Nellaidhoo,,Flight 55 minutes from Velaana International Airport to Kulhudhuffushi Airport and 20 minutes transfer to Nellaidhoo,,,Maldivian,9603335544,
84,Island Focal Point,+960652 0042,Police Station,+960917 8997,Health Center,+960652 0546,Kulhudhuffushi Airport,Origin: Male'; Speed Boat Charter 4 hours 10 minutes from Male' to Neykurendhoo,Speed Boat Charter 4 hours 10 minutes from Male' to Neykurendhoo,,Version; All Two Speed,+9609977334; +9607647326,,,https://islands.mv/islands/haa-dhaalu-neykurendhoo
85,Island Focal Point,+9606520043,Police Station,9609551346,Health center,+9606520514,Kulhudhuffushi Airport,Origin: Male'; Flight 55 minutes from Velaana International Airport to Hanimaadhoo Airport and 15 Minutes from Hanimaadhoo to Nolhivaram,,Flight 55 minutes from Velaana International Airport to Hanimaadhoo Airport and 15 Minutes from Hanimaadhoo to Nolhivaram,,,Maldivian,9603335544,
86,Island Focal Point,9606520050,Police Station,9609980073,Health Center,9606520509,Kulhudhuffushi Airport,,,,,,,,https://islands.mv/islands/haa-dhaalu-nolhivaranfaru-2
87,Island Focal Point,9606520046,Police Station,+960979 1382,Health Center,+960652 0540,Kulhudhuffushi Airport,Origin: Male'; Speed Boat Charter 4 hours 50 minutes from Male' to Vaikaradhoo,Speed Boat Charter 4 hours 50 minutes from Male' to Vaikaradhoo,,Flying Fish,9609991865,,,https://islands.mv/islands/haa-dhaalu-vaikaradhoo
88,Island Focal Point,+9607768883,Police Station (Thulusdhoo),+9609791174,Health center,+9609990973,Velana International Airport,Origin: Velana International Airport; Speed Boat Ferry 1 hour from Velana International Airport,Speed Boat Ferry 1 hour from Velana International Airport,,Altec,9607979868,,,https://islands.mv/islands/kaafu-diffushi
89,Island Focal Point,+9606641941,Gaafaru Police Post,+9609311899,Health center,+9606640636,Velana International Airport,Origin: Velana International Airport; Speed Boat Ferry 1 hour from Velana International Airport,Speed Boat Ferry 1 hour from Velana International Airport,,Velaa Express,9609995863,,,https://islands.mv/islands/kaafu-gaafaru
90,Ahmed Arusoon Shahir,9607676796,Gulhii Police Desk,+9609553524,Health center,+9606640633,Velana International Airport,Origin: Velana International Airport; Speed Boat Ferry 1 hour from Velana International Airport,Speed Boat Ferry 1 hour from Velana International Airport,,Altec,9607979868,,,https://islands.mv/islands/kaafu-gulhi
91,Island Focal Point,+9606640072,K.Guraidhoo Police Station,9609926095,Health Center,+9609133448,Velana International Airport,Origin: Velana International Airport; Speed Boat Ferry 45 Minutes from Velaana International Airport.,Speed Boat Ferry 45 Minutes from Velaana International Airport.,,,,,,https://islands.mv/islands/kaafu-guraidhoo
92,Island Focal Point,+9607979615,Police Station,+9609794639,Health center,+9606640413,Velana International Airport,Origin: Velana International Airport; Speed Boat Ferry 25 minutes from Male' to Himmafushi,Speed Boat Ferry 25 minutes from Male' to Himmafushi,,,,,,https://islands.mv/islands/kaafu-himmafushi
93,Island Focal Point,+9606640074,Police Desk,00,Health center,+9606640412,Velana International Airport,Origin: Velana International Airport; Dhoani Ferry 1 hour from Velana International Airport to Huraa; Speed Boat Charter 25 minutes from Velana International Airport,Dhoani Ferry 1 hour from Velana International Airport to Huraa; Speed Boat Charter 25 minutes from Velana International Airport,,,,,,https://islands.mv/islands/kaafu-hura
94,Island Focal Point,+9606645377,Kaashidhoo Police Station,9609791519,Health center,+9606640127,Velana International Airport,Origin: Velana International Airport; Speed Boat Ferry 1 hour 30 minutes from Velana International Airport,Speed Boat Ferry 1 hour 30 minutes from Velana International Airport,,,,,,https://islands.mv/islands/kaafu-kaashidhoo
95,Island Focal Point,000,Police Station,00,Health center,+9606640410,Velana International Airport,Origin: Velana International Airport; Speed Boat Ferry 25 minutes by speed boat,Speed Boat Ferry 25 minutes by speed boat,,,,,,https://islands.mv/islands/kaafu-maafushi
96,Island Focal Point,+9606640183,Thulusdhoo Police Station,+9609791174,Health center,+9606640090,Velana International Airport,Origin: Velana International Airport; Dhoani Ferry 1 hour 30 minutes from Velana International Airport; Speed Boat Ferry 30 minutes by Velana International Airport.,Dhoani Ferry 1 hour 30 minutes from Velana International Airport; Speed Boat Ferry 30 minutes by Velana International Airport.,,,,,,https://islands.mv/islands/kaafu-thulusdhoo
97,Island Focal Point,+960680 0724,,,Health Center,+960680 0787,Kadhdhoo Airport,Origin: Kadhdhoo; Speed Boat Ferry 30 minutes from Male' to Dhanbidhoo,Speed Boat Ferry 30 minutes from Male' to Dhanbidhoo,,,,,,https://islands.mv/islands/laamu-dhanbidhoo
98,Island Focal Point,+960680 0724,Police Station,+9609791249,Health Center,+960680 0787,Kadhdhoo Airport,Origin: Velana International Airport; Flight 50 minutes from Velana International Airport to Kadhdhoo Airport and 15 minutes transfer to Fonadhoo by taxi,,Flight 50 minutes from Velana International Airport to Kadhdhoo Airport and 15 minutes transfer to Fonadhoo by taxi,,,Maldivian,+960333 5544,
99,Island Focal Point,+960680 0766,Police Station,+960979 1261,Gan Regional Hospital,+960680 0026,Kadhdhoo Airport,Origin: Velana International Airport; Flight 1 hour 15 Minutes from Male' to Kadhdhoo Airport and 10 minutes transfer to Gan from Taxi,,Flight 1 hour 15 Minutes from Male' to Kadhdhoo Airport and 10 minutes transfer to Gan from Taxi,,,Maldivian; Flyme,+960333 5544; +960301 3000,
100,,,,,,,Kadhdhoo Airport,,,,,,,,https://islands.mv/islands/laamu-hithadhoo
101,,,,,,,Kadhdhoo Airport,Origin: Kadhdhoo; Speed Boat Ferry 45 minutes from Kadhoo domestic airport,Speed Boat Ferry 45 minutes from Kadhoo domestic airport,,,,,,https://islands.mv/islands/laamu-isdhoo
102,Island Focal Point,+960680 0730,Police Station,+960963 0130,,,Kadhdhoo Airport,Origin: Male'; Speed Boat Ferry 4 Hours from Male' to Kalaidhoo,Speed Boat Ferry 4 Hours from Male' to Kalaidhoo,,Mumthaz Ferry; Sunny Speed; Fahi; Areen,+9607905333; +9609658787; +9609999307; +9609695069,,,https://islands.mv/islands/laamu-kalaidhoo
103,Island Focal Point,+9609995970,,,Health Center,+9606800790,Kadhdhoo Airport,Origin: Velana International Airport; Flight 1 hour 15 minutes from Velana International Airport to Kahdhoo airport and 20 minutes transfer to Kunahandhoo; Speed Boat Ferry 6 hours from Male' to Kunahandhoo,Speed Boat Ferry 6 hours from Male' to Kunahandhoo,Flight 1 hour 15 minutes from Velana International Airport to Kahdhoo airport and 20 minutes transfer to Kunahandhoo,,,,,https://islands.mv/islands/laamu-kunahandhoo
104,Island Focal Point,+9606800708,,,Health Center,+9606800788,Kadhdhoo Airport,Origin: Velana International Airport; Speed Boat Ferry 4 hours 30 minutes from Male' to Maabaidhoo,Speed Boat Ferry 4 hours 30 minutes from Male' to Maabaidhoo,,Relax Speed Boat Ferry,+960773 1759,,,https://islands.mv/islands/laamu-maabaidhoo
105,Island Focal Point,+960680 0705,Police Station,+960998 0076,Health Center,9606800772,Kadhdhoo Airport,Origin: Male'; Speed Boat Charter 6 hours from Male' to Maamendhoo,Speed Boat Charter 6 hours from Male' to Maamendhoo,,,,,,https://islands.mv/islands/laamu-maamendhoo
106,Island Focal Point,9606800718,Police Station,9609980065,Health Center,9606800075,Kadhdhoo Airport,Origin: Male'; Speed Boat Ferry 5 hours from Male' to Maavah; Speed Boat Charter 5 hours from Male' to Maavah,Speed Boat Ferry 5 hours from Male' to Maavah; Speed Boat Charter 5 hours from Male' to Maavah,,MTCC,9607998821,,,https://islands.mv/islands/laamu-maavah
107,Island Focal Point,+960680 0714,,,Health Center,+960680 0793,Kadhdhoo Airport,Origin: Male'; Speed Boat Charter 4 hours 20 minutes from Male' to Mundoo,Speed Boat Charter 4 hours 20 minutes from Male' to Mundoo,,Hassan Nadheeh,9607468399,,,https://islands.mv/islands/laamu-mundoo
108,Adhuma Mohamed Fariq,+9609552471,Hinnavaru Police Station,9609792239,Health center,+9606620216,Madivaru Airport,Origin: Velana International Airport; Speed Boat Ferry 3 hours to reach Hinnavru by a speedboat; Flight 20 minutes to Madivaru Domestic Airport. It takes 10 minutes to reach Hinnavaru by a speedboat,Speed Boat Ferry 3 hours to reach Hinnavru by a speedboat,Flight 20 minutes to Madivaru Domestic Airport. It takes 10 minutes to reach Hinnavaru by a speedboat,Aares,9607578622,,,https://islands.mv/islands/lhaviyani-hinnavaru
109,Abdulla Madheeh,+9609960463,Kurendhoo Police Station,+9609171997,Health center,+9606620395,Madivaru Airport,Origin: Velana International Airport; Flight 25 minutes by domestic flight to Madivaru airport.,Speed Boat Ferry or Charter 2 hour 15 min from Male to Kurendhoo,Flight 25 minutes by domestic flight to Madivaru airport.,Zuhal Express Speedboat Charter,9607917617,Maldivian,9603335544,
110,Ahmed Yasir,+960 7796163,Naifaru Police Station,9609792187,Lhaviyani Atoll Hospital,+9606620048,Madivaru Airport,Origin: Velana International Airport; Flight 25 minutes by domestic flight to Madivaru airport.,,,Zuhal Express Speedboat Charter,9607917617,Maldivian,9603335545,
111,Island Focal Point,+9609110375,Naifaru Police Station,9609792187,Health center,+9606620399,Madivaru Airport,Origin: Madivaru Airport; Speed Boat Ferry 45 minutes from Madivaru Domestic airport to Olhuvelifushi,Speed Boat Ferry 45 minutes from Madivaru Domestic airport to Olhuvelifushi,,,,,,https://islands.mv/islands/lhaviyani-olhuvelifushi
112,Island Focal Point,+9607593833,Police Station,+9609790164,Health Center,+9606720596,,Origin: Male'; Speed Boat Ferry 2 hours from Male' to Dhiggaru,Speed Boat Ferry 2 hours from Male' to Dhiggaru,,Muli Tours; Pro Jet,+960919 2525; +960772 1010,,,https://islands.mv/islands/meemu-dhiggaru
113,Abdul Aleem,+960787 0570,Kolhufushi Police Station,+960963 4021,Health Post,+960672 0532,Dhaalu Airport,Origin: Velana International Airport; Speed Boat Ferry 2 hours 30 minutes from Male' to Kolhufushi,Speed Boat Ferry 2 hours 30 minutes from Male' to Kolhufushi,,Relax Speed; Sea Fly,+960772 2827; +960738 3731,,,https://islands.mv/islands/meemu-kolhufushee
114,Island Focal Point,+9607335499,Dhiggaru Police Station,+9609790164,Health Center,+9606720554,,Origin: Male'; Speed Boat Ferry 1 hour 45 minutes from Male' to Maduvvari,Speed Boat Ferry 1 hour 45 minutes from Male' to Maduvvari,,Muli Tours; Pro Jet,+960919 2525; +960772 1010,,,https://islands.mv/islands/meemu-maduvvari
115,Island Focal Point,9607909195,Police Station,+9609790164,Health Center,+9606720592,,Origin: Male'; Speed Boat Ferry 3 hours from Male to Muli,Speed Boat Ferry 3 hours from Male to Muli,,Pro Jet; Muli Tours,+960772 1010; +960919 2525,,,https://islands.mv/islands/meemu-mulah
116,Island Focal Point,+9609180465,Police Station,+9609980067,M. Muli Regional Hospital,+9606720010,,Origin: Male'; Speed Boat Ferry 3 hours from Malé to Muli,Speed Boat Ferry 3 hours from Malé to Muli,,Pro Jet; Muli Tours,+960772 1010; +960919 2525,,,https://islands.mv/islands/meemu-muli
117,Island Focal Point,9607868649,Muli Police Station,+9609980067,Health Center,9606720010,,Origin: Male'; Speed Boat Ferry 2 hours 45 minutes from Male' to Naalaafushi,Speed Boat Ferry 2 hours 45 minutes from Male' to Naalaafushi,,,,,,https://islands.mv/islands/meemu-naalaafushi
118,Island Focal Point,+960788 9948,Police Station,+960672 6059,Health Post,+960672 0053,Dhaalu Airport,Origin: Velana International Airport; Flight 45 minutes from Velana International Airport to Kudahuvadhoo Airport and 1 hour 45 minutes transferto Raiymandhoo,,Flight 45 minutes from Velana International Airport to Kudahuvadhoo Airport and 1 hour 45 minutes transferto Raiymandhoo,,,Manta Air; Maldivian,+960799 4405 / +960331 4477; +960333 5544,
119,Island Focal Point,9606720035,,,Health Center,+960970 7809,Dhaalu Airport,Origin: Male'; Speed Boat Ferry 2 hours 40 minutes from Male to Veyvah; Speed Boat Charter 2 hours 30 minutes from Male to Veyvah,Speed Boat Ferry 2 hours 40 minutes from Male to Veyvah; Speed Boat Charter 2 hours 30 minutes from Male to Veyvah,,Pro Jet,+960772 1010,,,https://islands.mv/islands/meemu-veyvah
120,,,,,,,,,,,,,,,
121,,,,,,,,,,,,,,,
122,,,,,,,,,,,,,,,
123,Island Focal Point,9606560016,,,Health Center,9606560035,Maafaru International Airport,"Origin: Velana International Airport; Flight 40 minutes from Velana International airports to Maafaru Airport, 35 minutes transfer to Fohdhoo",,"Flight 40 minutes from Velana International airports to Maafaru Airport, 35 minutes transfer to Fohdhoo",,,Maldivian; Manta Air; Flyme,+9603335544; +960799 4405 / +960331 4477; +960301 3000,
124,Island Focal Point,9606560016,Police Station,+9609980056,Health Center,+9606560025,Maafaru International Airport,"Origin: Velana International Airport; Flight 40 minutes from Velana International airports to Maafaru Airport, 20 minutes transfer to Henbadhoo",,"Flight 40 minutes from Velana International airports to Maafaru Airport, 20 minutes transfer to Henbadhoo",,,Maldivian; Flyme,+9603335544; +960301 3000,
125,Island Focal Point,+9606560009,Police Station,+9609792113,Health Center,+9606560520,Maafaru International Airport,Origin: Velana International Airport; Flight 40 Minutes from Velaana International Airport to Maafaru Airport. It takes 20 minutes to arrive Holhudhoo by speed boat.,,Flight 40 Minutes from Velaana International Airport to Maafaru Airport. It takes 20 minutes to arrive Holhudhoo by speed boat.,,,,,https://islands.mv/islands/noonu-holhudhoo
126,Island Focal Point,9606560013,Police Station,9609311499,Health Center,9606560092,Maafaru International Airport,"Origin: Velana International Airport; Flight 40 minutes from Velana International airports to Maafaru Airport, 20 minutes transfer to Kendhikulhudhoo",,"Flight 40 minutes from Velana International airports to Maafaru Airport, 20 minutes transfer to Kendhikulhudhoo",,,Maldivian; Manta Air; Flyme,+9603335544; +960799 4405 / +960331 4477; +960301 3000,
127,Island Focal Point,+9606560015,Police Station,00,Health Center,+9606560609,Maafaru International Airport,Origin: Velana International Airport; Flight 40 Minutes from Velaana International Airport to Maafaru Airport.,,Flight 40 Minutes from Velaana International Airport to Maafaru Airport.,,,Maldivian,9603335544,
128,Island Focal Point,9606560007,Police Station,9609980056,Health Center,9606560599,Maafaru International Airport,,,,,,,,https://islands.mv/islands/noonu-landhoo
129,Island Focal Point,+9606560032,Police Station,00,Health Center,+9606560610,Maafaru International Airport,Origin: Maafaru; Speed Boat Ferry 30 minutes from Maafaru International Airport,Speed Boat Ferry 30 minutes from Maafaru International Airport,,,,,,https://islands.mv/islands/noonu-lhohi
130,Island Focal Point,9606560005,,,Health Center,9606560603,Maafaru International Airport,Origin: Velana International Airport; Flight 40 Minutes from Velaana International Airport to Maafaru Airport,,Flight 40 Minutes from Velaana International Airport to Maafaru Airport,,,Maldivian; Flyme,+9603335544; +960301 3000,
131,Island Focal Point,9606560026,,,Health Center,9606560604,Maavarulu Airport,"Origin: Velana International Airport; Flight 40 minutes from Velana International airports to Maafaru Airport, 10 minutes transfer to Maalhendhoo",,"Flight 40 minutes from Velana International airports to Maafaru Airport, 10 minutes transfer to Maalhendhoo",,,Maldivian; Manta Air; Flyme,+9603335544; +960799 4405 / +960331 4477; +960301 3000,
132,Island Focal Point,9606560031,Nearest Police Station (Manadhoo),+9609792039,Health Center,+9606560042,Maafaru International Airport,Origin: Velana International Airport; Flight 40 Minutes from Velaana International Airport to Maafaru Airport.,,Flight 40 Minutes from Velaana International Airport to Maafaru Airport.,,,Maldivian,9603335544,
133,Island Focal Point,+9606560029,Police Station,+9609792039,Noonu Atoll Hospital,+9606560036,Maafaru International Airport,Origin: Velana International Airport; Flight 40 Minutes from Velaana International Airport to Maafaru Airport. From Maafaru Airport it takes less than 10 minutes to reach Manadhoo by speed boat.,,Flight 40 Minutes from Velaana International Airport to Maafaru Airport. From Maafaru Airport it takes less than 10 minutes to reach Manadhoo by speed boat.,,,Maldivian,9603335544,
134,Island Focal Point,+9607470014,Nearest Police Station (Manadhoo),+9609792039,Health Center,+9606560611,Velana International Airport,Origin: Velana International Airport; Flight 40 Minutes from Velaana International Airport to Maafaru Airport.,,Flight 40 Minutes from Velaana International Airport to Maafaru Airport.,,,Maldivian,9603335544,
135,Island Focal Point,+9606560010,Police Station,+9609791747,Health Center,+9606560526,Ifuru Airport,"Origin: Velana International Airport; Flight 40 minutes from Velana International airports to Maafaru Airport, 40 Minutes transfer to Velidhoo",,"Flight 40 minutes from Velana International airports to Maafaru Airport, 40 Minutes transfer to Velidhoo",,,Maldivian; Flyme,+9603335544; +960301 3000,https://islands.mv/islands/noonu-velidhoo
136,,,,,,,Ifuru Airport,,,,,,,,
137,Island Focal Point,9606580071,Police Station,9609791508,Health Center,9606580402,Ifuru Airport,Origin: Male'; Speed Boat Charter 3 hours 30 minutes from Male' to Angolhitheemu; Dhoani Ferry 4 hours from Male' to Angolhitheemu,Speed Boat Charter 3 hours 30 minutes from Male' to Angolhitheemu; Dhoani Ferry 4 hours from Male' to Angolhitheemu,,Nasru Speed,7515044,,,https://islands.mv/islands/raa-angolhitheemu
138,,,,,,,Ifuru Airport,,,,,,,,
139,Island Focal Point,9607902212,Police Station,9609980078,Health Center,9606580400,Ifuru Airport,Origin: Male'; Speed Boat Ferry 3 hours 30 minutes from Male' to Fainu,Speed Boat Ferry 3 hours 30 minutes from Male' to Fainu,,Nasru Speed,9607663003,,,https://islands.mv/islands/raa-fainu
140,Island Focal Point,9607468264,Police Station,9609791508,Health Center,9606580155,Ifuru Airport,Origin: Male'; Speed Boat Ferry 4 hours from Male' to Hulhudhuhfaaru,Speed Boat Ferry 4 hours from Male' to Hulhudhuhfaaru,,Crystal Speed; Flying Fish; Nasru Speed,+9609863326; +9609863326; +9607927911,,,https://islands.mv/islands/raa-hulhudhuhfaaru
141,Island Focal Point,9606580028,Police Station,9609980078,Health Center,9606580395,Ifuru Airport,Origin: Male'; Speed Boat Ferry 3 hours from Male' to Inguraidhoo,Speed Boat Ferry 3 hours from Male' to Inguraidhoo,,Atoll Express; Crystal Speed; Nasru Speed,+9609995692; +9609863326; +9607927911,,,https://islands.mv/islands/raa-inguraidhoo
142,Island Focal Point,9607981984,Police Station,9609791508,Health Center,9606580388,Ifuru Airport,Origin: Male'; Speed Boat Charter 2 hours 50 minutes from Male' to Innamaadhoo,Speed Boat Charter 2 hours 50 minutes from Male' to Innamaadhoo,,Fazeel; Sazeen,+9609850811; +9607447950,,,https://islands.mv/islands/raa-innamaadhoo
143,Island Focal Point,9609874186,Police Station,9609790398,Health Center,9606580401,Ifuru Airport,Origin: Male'; Dhoani Ferry 9 hours from Male' to Kinolhas; Speed Boat Charter 5 hours from Male' to Kinolhas,Dhoani Ferry 9 hours from Male' to Kinolhas; Speed Boat Charter 5 hours from Male' to Kinolhas,,Nalahiya 2,9609774621,,,https://islands.mv/islands/raa-kinolhas-2
144,Island Focal Point,9609755438,Police Station,9609791508,Health Center,9606580392,Ifuru Airport,Origin: Male'; Speed Boat Ferry 3 hours from Male' to Maakurathu,Speed Boat Ferry 3 hours from Male' to Maakurathu,,Nasru Speed; Crystal Speed,+9607663003; +9609863326,,,https://islands.mv/islands/raa-maakurathu
145,Island Focal Point,9606580025,Police Station,9609932972,Health Center,9606580394,Ifuru Airport,Origin: Male'; Speed Boat Ferry 3 hours from Male' to Madduvari; Speed Boat Charter 3 hours from Male' to Madduvari,Speed Boat Ferry 3 hours from Male' to Madduvari; Speed Boat Charter 3 hours from Male' to Madduvari,,Crystal Speed; Azuro,+9607341188; +9607444390,,,https://islands.mv/islands/raa-madduvari
146,Island Focal Point,9606580020,Police Station,9609790398,Health Center,9606580396,Ifuru Airport,Origin: Male'; Speed Boat Charter 3 hours from Male' to Meedhoo,Speed Boat Charter 3 hours from Male' to Meedhoo,,Niru Speed; Island Express; Sea Cruise; Gaadhooni,+9607847293; +9607957876; +9607793945,,,https://islands.mv/islands/raa-meedhoo-2
147,Island Focal Point,9607946811,Police Station,+960979 1508,Health Center,9606580391,Ifuru Airport,Origin: Male'; Speed Boat Charter 3 hours 25 minutes from Male' to Rasgetheemu,Speed Boat Charter 3 hours 25 minutes from Male' to Rasgetheemu,,Crystal Speed,9607555737,,,https://islands.mv/islands/raa-rasgetheemu
148,Island Focal Point,9606580049,Police Station,9609791508,Health Center,9606580393,Ifuru Airport,Origin: Male'; Speed Boat Ferry 3 hours from Male' to Rasmaadhoo; Speed Boat Charter 2 hours 30 minutes from Male' to Rasmaadhoo,Speed Boat Ferry 3 hours from Male' to Rasmaadhoo; Speed Boat Charter 2 hours 30 minutes from Male' to Rasmaadhoo,,Ramzu Speed; Nasru Speed,+9607845341; +9609692021,,,https://islands.mv/islands/raa-rasmaadhoo-2
149,Island Focal Point,+9606580118,Police Station,+9609791508,Ungoofaaru Regional Hospital,+9606580100,Ifuru Airport,"Origin: Velana International Airport; Flight 30 Minutes from Velaana International Airport Ifuru Airport,",,"Flight 30 Minutes from Velaana International Airport Ifuru Airport,",,,Maldivian,9603335544,https://islands.mv/islands/raa-ungoofaaru
150,Island Focal Point,+960911 1299,Police Station,9609553547,Health Center,9606580399,Ifuru Airport,Origin: Male'; Speed Boat Ferry 4 hours from Male' to Vaadhoo; Speed Boat Charter 4 hours from Male' to Vaadhoo,Speed Boat Ferry 4 hours from Male' to Vaadhoo; Speed Boat Charter 4 hours from Male' to Vaadhoo,,Nasru Speed; Ramzu Speed,+9609692021; +9607742356,,,https://islands.mv/islands/raa-vaadhoo
151,Focal point,+9609693232,Police Station,+9609791612,Addu Equitorial Hospital,+9606885555,Fuvahmulah Airport,Origin: Velana International Airport; Flight 1 hour from Velana International Airport,,Flight 1 hour from Velana International Airport,,,Maldivian,9603335544,
152,,,,,,,,,,,,,,,
153,,,,,,,,,,,,,,,
154,,,,,,,,,,,,,,,
155,,,,,,,,,,,,,,,
156,,,,,,,,,,,,,,,
157,Island Focal Point,+960790 1489,Police Station,+960979 1646,Health Center,+960654 0503,,Origin: Male'; Speed Boat Charter 4 hours 25 minutes from Male' to Bileiyfahi,Speed Boat Charter 4 hours 25 minutes from Male' to Bileiyfahi,,,,,,https://islands.mv/islands/shaviyani-bileiyfahi
158,Island Focal Point,9607975226,Police Station,9609770187,Health Center,+960654 0613,Funadhoo Airport,"Origin: Velana International Airport; Speed Boat Charter 4 hours 20 minutes from Male' to Feevah; Flight 30 minutes from Velana International Airport to Funadhoo Airport, and 20 minutes transfer to Feevah",Speed Boat Charter 4 hours 20 minutes from Male' to Feevah,"Flight 30 minutes from Velana International Airport to Funadhoo Airport, and 20 minutes transfer to Feevah",Hope Travels,9609970175,,,https://islands.mv/islands/shaviyani-feevah-2
159,Island Focal Point,9606540045,Police Station,9609333135,Health Center,9606540611,Kulhudhuffushi Airport,"Origin: Velana International Airport; Flight 45 minutes from Velana International Airport to Kulhudhuffushi Airport, and 45 minutes transfer to Feydhoo.",,"Flight 45 minutes from Velana International Airport to Kulhudhuffushi Airport, and 45 minutes transfer to Feydhoo.",,,Maldivian,9603335544,
160,Island Focal Point,9609796319,Police Station,9609879484,Health Center,9606540594,Funadhoo Airport,Origin: Male'; Speed Boat Charter 4 hours 20 minutes from Male' to Foakaidhoo,Speed Boat Charter 4 hours 20 minutes from Male' to Foakaidhoo,,Hope Travels; Furaagu 2; Flying Fish,+9609970175; +9607711195; +9607910799,,,https://islands.mv/islands/shaviyani-foakaidhoo
161,Island Focal Point,9607926232,Police Station,+969 7922367,Shaviyani Atoll Hospital,9606540061,Funadhoo Airport,Origin: Velana International Airport; Flight 45 minutes from Velana International Airport to Funadhoo Airport.,,Flight 45 minutes from Velana International Airport to Funadhoo Airport.,,,Maldivian,9603335544,
162,Island Focal Point,9607902974,Police Station,9609791646,Health Center,9606450615,Kulhudhuffushi Airport,Origin: Male'; Speed Boat Charter 4 hours 40 minutes from Male' to Goidhoo,Speed Boat Charter 4 hours 40 minutes from Male' to Goidhoo,,Ulhiashi; Flying Fish,+9607742507; +9607910799,,,https://islands.mv/islands/shaviyani-goidhoo
163,Island Focal Point,+960984 3594,Police Station,+960979 1646,Health Center,+960654 0537,Kulhudhuffushi Airport,Origin: Velana International Airport; Flight 50 minutes from Velana International Airport to Kulhudhufushi Airport and 30 minutes transfer to Kanditheemu by speedboat,,Flight 50 minutes from Velana International Airport to Kulhudhufushi Airport and 30 minutes transfer to Kanditheemu by speedboat,,,Maldivian,9603335544,https://islands.mv/islands/shaviyani-kanditheemu-2
164,Island Focal Point,+960991 4060,Police Station,+960977 0151,Health Center,+960654 0091,Funadhoo Airport,Origin: Male'; Speed Boat Charter 3 hours 50 minutes from Male' to Komandoo,Speed Boat Charter 3 hours 50 minutes from Male' to Komandoo,,Saazee 4; Ulhiashi; Flying Fish,+9607719446; +9607742507; +9607910799,,,https://islands.mv/islands/shaviyani-komandoo
165,Island Focal Point,9606540051,Police Station,+969 792 2367,Health Center,9606540614,Funadhoo Airport,Origin: Velana International Airport; Flight 40 minutes from Velana International Airport to Funadhoo Airport and 10 minutes transfer to Lhaimagu by speedboat,,Flight 40 minutes from Velana International Airport to Funadhoo Airport and 10 minutes transfer to Lhaimagu by speedboat,,,Maldivian,9603335544,
166,,,,,,,Funadhoo Airport,,,,,,,,
167,Island Focal Point,+960779 7685,Police Station,9609770151,Health Center,+960654 0612,Funadhoo Airport,Origin: Male'; Speed Boat Charter 4 hours 10 minutes from Male' to Maroshi,Speed Boat Charter 4 hours 10 minutes from Male' to Maroshi,,Flying Fish,9607910799,,,https://islands.mv/islands/shaviyani-maroshi-2
168,Island Focal Point,9607495979,Police Station,9609183997,Health Center,9606540519,Funadhoo Airport,Origin: Male'; Speed Boat Charter 4 hours 15 minutes from Male' to Milandhoo,Speed Boat Charter 4 hours 15 minutes from Male' to Milandhoo,,Hope Travels; Furaagu 2; Flying Fish,+9609970175; +9607711195; +9607910799,,,https://islands.mv/islands/shaviyani-milandhoo
169,Island Focal Point,9606540049,Police Station,9609183997,Health Center,+960654 0050,Funadhoo Airport,Origin: Male'; Speed Boat Charter 4 hours 10 minutes from Male' to Narudhoo,Speed Boat Charter 4 hours 10 minutes from Male' to Narudhoo,,Hope Travel; Flying Fish,+9609970175; +9607910799,,,https://islands.mv/islands/shaviyani-narudhoo
170,Island Focal Point,9606540049,Police Station,9609183997,Health Center,9606540050,Kulhudhuffushi Airport,,,,,,,,
171,Aminath Shabeena -Council Officer,+960795 7772,Bruni Police Desk,9609641414,Health center,+9606780554,Dhaalu Airport,Origin: Kudahuvadhoo; Dhoani Ferry 4 hours from Kudhahuvadhoo (Dhaalu Airport); Speed Boat Ferry 20 minutes from Kudahuvadhoo (Dhaalu Airport) to Bruni,Dhoani Ferry 4 hours from Kudhahuvadhoo (Dhaalu Airport); Speed Boat Ferry 20 minutes from Kudahuvadhoo (Dhaalu Airport) to Bruni,,Adam Mohanmadhufulhu,9607777937,,,https://islands.mv/islands/thaa-bruni
172,Ahmed Moosa-Council President,+960790 1204,Police Desk,+960955506,Health center,+9606780621,Thimarafushi Airport,Origin: Velana International Airport; Speed Boat Ferry 2.5 hour from Velana International Airport to Dhiyamigili; Flight 50 minutes from Velana International Airport to Thimarafushi airport,Speed Boat Ferry 2.5 hour from Velana International Airport to Dhiyamigili,Flight 50 minutes from Velana International Airport to Thimarafushi airport,Nayaa Speed; Aain,+9607837777; +9609718098,,,https://islands.mv/islands/thaa-dhiyamigili
173,Mohamed Shareef-Council Officer,+960753 9641,Thimarafushi Police Station,9609792269,Health Center,+960678 0030,Thimarafushi Airport,Origin: Male'; Speed Boat Ferry 5 hours from Velana International Airport (Male') to Gaadhiffushi.,Speed Boat Ferry 5 hours from Velana International Airport (Male') to Gaadhiffushi.,,Ektimo,+960777-0970,,,https://islands.mv/islands/thaa-gaadhiffushi
174,Abdulla Yamin- Sports Councillor,+960793 9995,Guraidhoo Police Station,9609800113,Health Center,+960913 3448,Thimarafushi Airport,Origin: Thimarafushi; Speed Boat Ferry 40 Minutes from Thimarafushi to Guraidhoo,Speed Boat Ferry 40 Minutes from Thimarafushi to Guraidhoo,,Sea Fly; Relax Speed,+960791-3520; +960975-2855,,,https://islands.mv/islands/thaa-guraidhoo
175,Ahmed Haisham- Assistant Council Officer,+960967 8889,Hirilandhoo Police Station,9609980079,Health Center,+9606780532,Thimarafushi Airport,Origin: Thimarafushi; Dhoani Ferry Speed Boat Ferry 30 Minutes from Thimarafushi Airport,Dhoani Ferry Speed Boat Ferry 30 Minutes from Thimarafushi Airport,,Adam Fulhu- Hirilandhoo; Ali Hameed- Hirilandhoo,+960777-7937; +960999-9803,,,https://islands.mv/islands/thaa-hirilandhoo
176,Ahmed Reehan- Council President,+960759 5221,Police Station,00,Health Center,00,Thimarafushi Airport,Origin: Thimarafushi; Speed Boat Ferry 20 minutes to Kandoodhoo,Speed Boat Ferry 20 minutes to Kandoodhoo,,Vision Express,+960795-4381,,,https://islands.mv/islands/thaa-kan-doodhoo
177,Ahmed Mohamed- Project Officer,+960951 0825,Police Station,+9609790341,Health Post,+9606780625,Thimarafushi Airport,Origin: Thimarafushi; Speed Boat Charter,Speed Boat Charter,,Sea Fly; Relax King,+960738-3731; +960912-2377,,,https://islands.mv/islands/thaa-kin-bidhoo
178,Hussain Riza - Council Executive,+960767 0309,Madifushi Police Station,9609868475,Health Center,+9606780619,Thimarafushi Airport,Origin: Thimarafushi; Dhoani Ferry 2 Hours from Thimarafushi to Madifushi,Dhoani Ferry 2 Hours from Thimarafushi to Madifushi,,MTCC Ferry - Madifushi,+960799-8821,,,https://islands.mv/islands/thaa-madifushi
179,Qassan Hussain- Associate Council Officer,+960968 9869,Police Station,00,Health Center,00,Thimarafushi Airport,Origin: Male'; Speed Boat Charter 3 Hour from Male' to Omadhoo and 20 Minutes from Thimarafushi to Omadhoo,Speed Boat Charter 3 Hour from Male' to Omadhoo and 20 Minutes from Thimarafushi to Omadhoo,,Sea Fly- Omadhoo; Relax Speed- Omadhoo,+960984-0627; +960911-3811,,,https://islands.mv/islands/thaa-omadhoo
180,Ahmed Ali - Assistant Council Executive,+960794 7969,Thimarafushi Police Station,+9609792269,Health center,+9606780503,Thimarafushi Airport,Origin: Male'; Dhoani Ferry 14 Hours from Male' to Thimarafushi; Speed Boat Charter 4 Hours from Male' to Thimarafushi,Dhoani Ferry 14 Hours from Male' to Thimarafushi; Speed Boat Charter 4 Hours from Male' to Thimarafushi,,Aarasthu- Thimarafushi; Nafaa - Thimarafushi,+960784-3062; +960965-1402,,,https://islands.mv/islands/thaa-thimarafushi
181,Mariyam Shuhudhaa- Council Officer,+960767 7117,Police Station,00,Health Center,00,Thimarafushi Airport,Origin: Thimarafushi; Speed Boat Charter 30 Minutes from Thimarafushi to Vandhoo,Speed Boat Charter 30 Minutes from Thimarafushi to Vandhoo,,Abdul Latheef- Vandhoo,+960795-4381,,,https://islands.mv/islands/thaa-vandhoo
182,Adam Shareef - Assistant Council Executive,+960977 8473,Police Station,+9609568475,Thaa Atoll Hospital,+9606780057,Thimarafushi Airport,Origin: Male'; Speed Boat Ferry 4 Hours from Male' to Veymandoo,Speed Boat Ferry 4 Hours from Male' to Veymandoo,,Relax Speed- Veymandoo,+960912-2377,,,https://islands.mv/islands/thaa-veymandoo
183,Fathimath Fazeela - Council Officer,+960996 9798,Vilifushi Police Station,9609791854,Health Center,+9606780043,Thimarafushi Airport,Origin: Thimarafushi; Speed Boat Ferry 45 Minutes from Thimarafushi to Vilufushi,Speed Boat Ferry 45 Minutes from Thimarafushi to Vilufushi,,Relax Speed; Ektimo Sea Fly Express,+960912-2377; +960773-1759,,,https://islands.mv/islands/thaa-vilufushi
184,Island Focal Point,9606700720,Police Station,9603322111,Vaavu Atoll Hospital,9606700029,Velana International Airport,Origin: Male'; Speed Boat Charter 1 hour 30 minutes from Male' to Felidhoo,Speed Boat Charter 1 hour 30 minutes from Male' to Felidhoo,,Dhuweli; Sequence; Goma Launch; Dreams Speed,+9609973476; +9607953999; +9607908720; 7948865,,,https://islands.mv/islands/vaavu-felidhoo
185,Island Focal Point,9606700603,,,Health Center,9606700605,Velana International Airport,,,,,,,,https://islands.mv/islands/vaavu-fulidhoo
186,Island Focal Point,9606700601,,,Health Center,9606700039,Velana International Airport,Origin: Velana International Airport; Speed Boat Ferry 1 hour 30 minutes from Male' to Keyodhoo; Speed Boat Charter 1 hour 30 minutes from Male' to Keyodhoo,Speed Boat Ferry 1 hour 30 minutes from Male' to Keyodhoo; Speed Boat Charter 1 hour 30 minutes from Male' to Keyodhoo,,Dreams Speed,7948865,,,https://islands.mv/islands/vaavu-keyodhoo
187,Island Focal Point,9606700602,,,Health Center,9606700607,Velana International Airport,,,,,,,,https://islands.mv/islands/vaavu-rakeedhoo
188,Abdulla Zareer,9606700604,Thinadhoo Police Desk,9609552282,Health Center,+9607423980,Velana International Airport,Origin: Velana International Airport; Speed Boat Ferry 1 hour 30 minutes from Velana International Airport,Speed Boat Ferry 1 hour 30 minutes from Velana International Airport,,MTCC,9607998821,,,https://islands.mv/islands/vaavu-thinadhoo
189,,,,,,,,,,,,,,,
